name,x,y,z
nasion,0.0,0.08499999999999999,0.0
lpa,-0.08499999999999999,0.0,0.0
rpa,0.08499999999999999,0.0,0.0
Fp1,-0.026133014404070235,0.08078401376909139,-0.00400108454195971
Fpz,0.0,0.08498123361344626,-0.0017860385037488254
Fp2,0.026133014404070235,0.08078401376909139,-0.00400108454195971
F7,-0.06842333502695395,0.04987137794892023,-0.0074895183600262386
F3,-0.048200427317538846,0.05755106339309903,0.039869711671018535
Fz,0.0,0.06073848094846255,0.059462903831491894
F4,0.04814259646845235,0.05758402610681053,0.0398919834378528
F8,0.06838359029760958,0.049926526811881665,-0.007485085070400889
FC5,-0.07624736450995313,0.028762823435357604,0.024166906986885676
FC1,-0.03235137713122826,0.03243618389873952,0.07159806122933911
FC2,0.03235137713122826,0.03243618389873952,0.07159806122933911
FC6,0.07624736450995313,0.028762823435357604,0.024166906986885676
T7,-0.08453853863965728,5.1764925374825564e-18,-0.008845082513531118
C3,-0.06317128071259069,3.868125336135656e-18,0.056871691491734856
Cz,0.0,5.204748896376251e-18,0.085
C4,0.06316731016557851,3.867882210251189e-18,0.05687610154050295
T8,0.08453853863965728,5.1764925374825564e-18,-0.008845082513531118
CP5,-0.07624736450995313,-0.028762823435357594,0.024166906986885676
CP1,-0.03235137713122826,-0.032436183898739514,0.07159806122933911
CP2,0.03235137713122826,-0.032436183898739514,0.07159806122933911
CP6,0.07624736450995313,-0.028762823435357594,0.024166906986885676
P7,-0.06842333502695394,-0.049871377948920236,-0.0074895183600262386
P3,-0.04820042731753886,-0.057551063393099025,0.039869711671018535
Pz,7.438318627860717e-18,-0.06073848094846255,0.059462903831491894
P4,0.04814259646845234,-0.05758402610681054,0.0398919834378528
P8,0.0683835902976096,-0.04992652681188165,-0.007485085070400889
POz,9.677837321474254e-18,-0.07902553885914161,0.031304380013383114
O1,-0.026133014404070225,-0.0807840137690914,-0.00400108454195971
Oz,1.0407199573230042e-17,-0.08498123361344626,-0.0017860385037488254
O2,0.026133014404070225,-0.0807840137690914,-0.00400108454195971
AF7,-0.049709431314887954,0.0686910763510323,-0.005958898227616103
AF3,-0.03148279679848069,0.07615276676848455,0.020846813167733094
AF4,0.03148279679848069,0.07615276676848455,0.020846813167733094
AF8,0.04966890402811598,0.06872089942163155,-0.00595297869371352
F5,-0.06305822186454818,0.05403788811325115,0.018126425558867645
F1,-0.026042093389975367,0.0599127302448179,0.054380824988956196
F2,0.02602543804214761,0.059874412766011756,0.05443097712368926
F6,0.06304473912257513,0.05402633404653858,0.01820758354253168
FC3,-0.059274978176089226,0.030955284953191532,0.05247139502329684
FCz,0.0,0.03292788363525597,0.07836296624875198
FC4,0.059274978176089226,0.030955284953191532,0.05247139502329684
C5,-0.08083154804902482,4.9495048294181866e-18,0.02629183979865601
C1,-0.03453737403184571,2.114804227952738e-18,0.07766704445892345
C2,0.03460920316454118,2.11920249382479e-18,0.07763506331752111
C6,0.08083154804902482,4.9495048294181866e-18,0.02629183979865601
CP3,-0.05927497817608923,-0.03095528495319151,0.05247139502329684
CP4,0.05927497817608923,-0.03095528495319151,0.05247139502329684
P5,-0.06305822186454818,-0.05403788811325114,0.018126425558867645
P1,-0.026042093389975374,-0.05991273024481789,0.054380824988956196
P2,0.026025438042147617,-0.05987441276601174,0.05443097712368926
P6,0.06304473912257515,-0.054026334046538574,0.01820758354253168
PO5,-0.042951551117820216,-0.07280389857511523,0.008930655565948855
PO3,-0.03148279679848071,-0.07615276676848454,0.020846813167733094
PO4,0.03148279679848071,-0.07615276676848454,0.020846813167733094
PO6,0.042951551117820216,-0.07280389857511523,0.008930655565948855
FT7,-0.08041001431187064,0.026207503532593573,-0.008508604877055598
FT8,0.08041001431187064,0.026207503532593573,-0.008508604877055598
TP7,-0.08041001431187064,-0.02620750353259356,-0.008508604877055598
TP8,0.08038510211967602,-0.026284771809974194,-0.008505652714920988
PO7,-0.04970943131488796,-0.0686910763510323,-0.005958898227616103
PO8,0.04966890402811598,-0.06872089942163155,-0.00595297869371352
